{"Client_1/Recall":0.977,"Client_7/Num_Samples":120,"Client_7/AUC":118.826,"Client_3/AUC":118.983,"Client_6/Recall":0.977,"Client_1/AUC":119.291,"Client_5/Num_Samples":120,"Round":100,"Client_0/AUC":118.878,"Client_8/F1_Score":0.973,"Client_2/F1_Score":0.973,"Client_0/Num_Samples":120,"Client_8/AUC":118.827,"Client_5/F1_Score":0.982,"Client_2/Recall":0.977,"Client_1/Num_Samples":120,"Client_5/Recall":0.984,"Client_7/Accuracy":0.975,"Client_6/Accuracy":0.975,"_runtime":282.888432298,"Client_3/Num_Samples":120,"Client_4/AUC":119.433,"_timestamp":1.744262744896802e+09,"Client_7/Recall":0.977,"Client_3/Accuracy":0.992,"Client_4/Accuracy":0.975,"Client_8/Accuracy":0.975,"average_accuracy":0.9777777777777779,"Client_3/Recall":0.993,"Client_0/Accuracy":0.975,"Client_7/F1_Score":0.974,"average_f1_score":0.9762222222222222,"_wandb":{"runtime":285},"Client_6/Num_Samples":120,"Client_4/F1_Score":0.973,"Client_1/F1_Score":0.973,"Client_3/F1_Score":0.991,"average_recall_score":0.9795555555555554,"Client_8/Num_Samples":120,"Client_5/AUC":119.748,"Client_1/Accuracy":0.975,"Client_5/Accuracy":0.983,"Client_0/Recall":0.977,"_step":1009,"Client_2/Accuracy":0.975,"Client_8/Recall":0.977,"Client_4/Num_Samples":120,"Client_2/AUC":119.73,"Client_4/Recall":0.977,"Client_2/Num_Samples":120,"Client_6/F1_Score":0.974,"average_auc":119.21877777777779,"Client_6/AUC":119.253,"Client_0/F1_Score":0.973}