{"average_auc":119.72633333333336,"Client_1/Recall":0.986,"Client_7/AUC":119.436,"Client_7/F1_Score":0.974,"Client_6/Recall":0.984,"Client_0/Recall":0.977,"average_f1_score":0.9783333333333333,"Client_1/Num_Samples":120,"Client_6/AUC":119.71,"Client_3/Accuracy":0.983,"Client_2/Accuracy":0.983,"Client_1/F1_Score":0.983,"Client_4/Accuracy":0.983,"Client_3/F1_Score":0.981,"Client_4/AUC":119.802,"Client_5/Num_Samples":120,"Client_5/Recall":0.977,"Client_4/Recall":0.984,"_timestamp":1.7442624193539062e+09,"Client_5/AUC":119.744,"Client_3/Num_Samples":120,"Client_2/Recall":0.984,"Client_0/Accuracy":0.975,"Client_8/Accuracy":0.975,"Client_8/Recall":0.977,"Client_3/AUC":119.701,"Client_6/Accuracy":0.983,"Client_2/AUC":119.793,"Client_6/F1_Score":0.982,"_runtime":251.89095398,"_step":1009,"Client_8/Num_Samples":120,"Client_4/Num_Samples":120,"Client_1/Accuracy":0.983,"Client_0/AUC":119.713,"Client_2/Num_Samples":120,"Client_7/Num_Samples":120,"_wandb":{"runtime":254},"average_accuracy":0.9794444444444443,"average_recall_score":0.9811111111111112,"Client_7/Recall":0.977,"Client_7/Accuracy":0.975,"Client_0/Num_Samples":120,"Client_3/Recall":0.984,"Client_0/F1_Score":0.974,"Client_8/AUC":119.794,"Round":100,"Client_2/F1_Score":0.982,"Client_5/Accuracy":0.975,"Client_1/AUC":119.844,"Client_8/F1_Score":0.974,"Client_6/Num_Samples":120,"Client_4/F1_Score":0.982,"Client_5/F1_Score":0.973}