{"Client_0/Num_Samples":120,"Client_8/Accuracy":0.975,"_wandb":{"runtime":263},"Client_2/Recall":0.95,"Client_1/F1_Score":0.981,"Client_7/AUC":118.97,"average_accuracy":0.9738888888888889,"Client_7/Num_Samples":120,"average_auc":119.22022222222222,"average_recall_score":0.9773333333333333,"Client_1/Accuracy":0.983,"Round":100,"Client_2/AUC":119.536,"Client_6/Num_Samples":120,"Client_4/AUC":119.396,"Client_6/Recall":0.977,"Client_3/Accuracy":0.983,"_step":1009,"Client_1/AUC":119.914,"Client_8/Recall":0.977,"Client_8/Num_Samples":120,"Client_4/F1_Score":0.982,"Client_5/Recall":0.986,"Client_3/F1_Score":0.982,"Client_5/F1_Score":0.984,"_timestamp":1.7442619821494644e+09,"Client_6/F1_Score":0.974,"Client_2/F1_Score":0.944,"Client_4/Recall":0.984,"Client_4/Accuracy":0.983,"Client_1/Num_Samples":120,"Client_2/Accuracy":0.933,"Client_4/Num_Samples":120,"Client_3/Num_Samples":120,"Client_2/Num_Samples":120,"Client_5/Num_Samples":120,"Client_6/AUC":118.943,"Client_5/AUC":119.311,"Client_1/Recall":0.984,"Client_8/F1_Score":0.974,"_runtime":260.388894459,"Client_7/F1_Score":0.974,"Client_0/Recall":0.977,"Client_0/AUC":118.883,"Client_8/AUC":119.025,"Client_0/F1_Score":0.974,"average_f1_score":0.9743333333333334,"Client_7/Accuracy":0.975,"Client_3/AUC":119.004,"Client_3/Recall":0.984,"Client_7/Recall":0.977,"Client_6/Accuracy":0.975,"Client_5/Accuracy":0.983,"Client_0/Accuracy":0.975}