{"test_acc":0.4583333333333333,"_wandb":{"runtime":90},"test_auc":0.8984217171717171,"test_f1":0.3853133387793208,"test_recall":0.45601851851851855,"_timestamp":1.7355467764058673e+09,"_runtime":87.54500648,"_step":464}