{"Client_5/F1_Score":0.982,"Client_6/AUC":119.111,"Client_2/F1_Score":0.974,"_timestamp":1.7442655279291556e+09,"Client_0/AUC":118.904,"Client_0/F1_Score":0.974,"Client_2/Recall":0.977,"Client_8/Accuracy":0.975,"Client_3/F1_Score":0.982,"Client_3/Recall":0.984,"Client_8/F1_Score":0.974,"Client_7/Accuracy":0.975,"Client_0/Num_Samples":120,"Client_1/Accuracy":0.983,"Client_4/Accuracy":0.983,"Client_4/Num_Samples":120,"Client_0/Accuracy":0.975,"Client_7/Recall":0.977,"Client_1/Num_Samples":120,"Client_2/Accuracy":0.975,"Client_3/Accuracy":0.983,"Client_1/F1_Score":0.981,"Client_4/AUC":119.936,"_runtime":272.691443737,"average_f1_score":0.9774444444444446,"Client_1/Recall":0.984,"Client_5/Num_Samples":120,"Client_7/AUC":118.994,"Client_5/Accuracy":0.983,"Client_2/AUC":119.875,"average_recall_score":0.980111111111111,"Client_6/Accuracy":0.975,"_wandb":{"runtime":275},"Client_1/AUC":119.854,"Client_0/Recall":0.977,"Client_2/Num_Samples":120,"Client_3/Num_Samples":120,"Client_6/Recall":0.977,"Client_3/AUC":119.004,"Client_4/Recall":0.984,"_step":1009,"Client_7/F1_Score":0.974,"Client_6/Num_Samples":120,"Client_7/Num_Samples":120,"Client_5/Recall":0.984,"Client_4/F1_Score":0.982,"Client_6/F1_Score":0.974,"Client_8/AUC":119.041,"Client_5/AUC":119.454,"average_accuracy":0.9785555555555556,"average_auc":119.35255555555555,"Client_8/Num_Samples":120,"Round":100,"Client_8/Recall":0.977}